{
  "0": {
    "precision": 0.6428571428571429,
    "recall": 0.32142857142857145,
    "f1-score": 0.42857142857142855,
    "support": 84.0
  },
  "1": {
    "precision": 0.9270166453265045,
    "recall": 0.979702300405954,
    "f1-score": 0.9526315789473684,
    "support": 739.0
  },
  "accuracy": 0.9125151883353585,
  "macro avg": {
    "precision": 0.7849368940918238,
    "recall": 0.6505654359172627,
    "f1-score": 0.6906015037593984,
    "support": 823.0
  },
  "weighted avg": {
    "precision": 0.8980137313442125,
    "recall": 0.9125151883353585,
    "f1-score": 0.8991430581313551,
    "support": 823.0
  }
}